{
    "model_path": "./checkpoints/Fusion_Mask_01.pth",
    "P": [
        42255,
        48704,
        50989,
        0,
        0,
        45603,
        45292,
        37163,
        37118,
        33675,
        33814,
        38175,
        37717,
        36149,
        35075,
        30936,
        29973
    ],
    "TP": [
        38196.0,
        41261.0,
        42852.0,
        0.0,
        0.0,
        38000.0,
        37745.0,
        31104.0,
        31469.0,
        27423.0,
        28145.0,
        26057.0,
        25845.0,
        29007.0,
        28291.0,
        25499.0,
        24892.0
    ],
    "P_udp": [
        42255,
        48704,
        50989,
        0,
        0,
        45603,
        45292,
        37163,
        37118,
        33675,
        33814,
        38175,
        37717,
        36149,
        35075,
        30936,
        29973
    ],
    "TP_udp": [
        38597.0,
        41913.0,
        43738.0,
        0.0,
        0.0,
        38695.0,
        38598.0,
        31575.0,
        31873.0,
        27802.0,
        28576.0,
        27140.0,
        27140.0,
        29347.0,
        28614.0,
        25709.0,
        25126.0
    ],
    "mean_acc": 0.8166065378502604,
    "mean_acc_udp": 0.8314648203515733,
    "acc_keypoints": [
        0.903940362087327,
        0.847178876478318,
        0.8404165604346036,
        0,
        0,
        0.8332785123785715,
        0.8333701315905678,
        0.8369614939590453,
        0.847809688021984,
        0.8143429844097996,
        0.8323475483527533,
        0.6825671250818599,
        0.6852347747699976,
        0.8024288362057042,
        0.8065858873841768,
        0.8242500646495992,
        0.8304807660227538
    ],
    "acc_keypoints_udp": [
        0.9134303632706189,
        0.8605658672798949,
        0.8577928572829434,
        0,
        0,
        0.8485187378023376,
        0.8522034796432041,
        0.8496353900384791,
        0.8586938951452125,
        0.8255976243504083,
        0.8450937481516532,
        0.7109364767518009,
        0.7195694249277514,
        0.8118343522642397,
        0.8157947255880257,
        0.8310382725627101,
        0.8382877923464451
    ],
    "parts_acc": {
        "Head": 0.8616465184433736,
        "Shoulder": 0.833324165245613,
        "Elbow": 0.8423823050308962,
        "Wrist": 0.8233638074352857,
        "Hip": 0.6838929004374638,
        "Knee": 0.8044760193193305,
        "Ankle": 0.8273161601733734
    },
    "parts_acc_udp": {
        "Head": 0.8753064502493871,
        "Shoulder": 0.8503548049947742,
        "Elbow": 0.8541618987358813,
        "Wrist": 0.8353657633095763,
        "Hip": 0.7152269013861804,
        "Knee": 0.8137846793215769,
        "Ankle": 0.8346057232921243
    }
}