{
    "model_path": "./checkpoints/Fusion_ResMask_01.pth",
    "P": [
        42255,
        48704,
        50989,
        0,
        0,
        45603,
        45292,
        37163,
        37118,
        33675,
        33814,
        38175,
        37717,
        36149,
        35075,
        30936,
        29973
    ],
    "TP": [
        37847.0,
        40983.0,
        42258.0,
        0.0,
        0.0,
        37993.0,
        37452.0,
        31111.0,
        31504.0,
        26971.0,
        27961.0,
        26769.0,
        26176.0,
        29089.0,
        27891.0,
        25347.0,
        24862.0
    ],
    "P_udp": [
        42255,
        48704,
        50989,
        0,
        0,
        45603,
        45292,
        37163,
        37118,
        33675,
        33814,
        38175,
        37717,
        36149,
        35075,
        30936,
        29973
    ],
    "TP_udp": [
        38371.0,
        41688.0,
        43129.0,
        0.0,
        0.0,
        38800.0,
        38420.0,
        31473.0,
        31782.0,
        27341.0,
        28437.0,
        27769.0,
        27251.0,
        29290.0,
        28334.0,
        25486.0,
        25090.0
    ],
    "mean_acc": 0.8139084646040938,
    "mean_acc_udp": 0.8284063174732853,
    "acc_keypoints": [
        0.8956809844988759,
        0.841470926412615,
        0.8287669889584028,
        0,
        0,
        0.8331250137052387,
        0.8269009979687362,
        0.8371498533487609,
        0.8487526267579072,
        0.800920564216778,
        0.8269060152599516,
        0.7012180746561886,
        0.6940106583238328,
        0.8046972253727628,
        0.7951817533856023,
        0.8193366951124903,
        0.8294798652120241
    ],
    "acc_keypoints_udp": [
        0.9080818838007336,
        0.855946123521682,
        0.8458491047088588,
        0,
        0,
        0.850821217902331,
        0.8482734257705555,
        0.8468907246454808,
        0.856242254431812,
        0.8119079435783222,
        0.8409830247826344,
        0.7274132285527177,
        0.7225123949412732,
        0.8102575451603087,
        0.8078118317890235,
        0.823829842254978,
        0.8370867113735695
    ],
    "parts_acc": {
        "Head": 0.8530447769605771,
        "Shoulder": 0.8300236536663183,
        "Elbow": 0.8429477255287354,
        "Wrist": 0.8139400494895465,
        "Hip": 0.6976361144784694,
        "Knee": 0.8000112321689318,
        "Ankle": 0.8243280960120836
    },
    "parts_acc_udp": {
        "Head": 0.8678389269309889,
        "Shoulder": 0.8495516805104791,
        "Elbow": 0.8515636569243817,
        "Wrist": 0.8264754256249166,
        "Hip": 0.7249775997470089,
        "Knee": 0.8090531281590475,
        "Ankle": 0.8303534781395197
    }
}