{
    "model_path": "./checkpoints/Fusion_ResMask_01.pth",
    "P": [
        42255,
        48704,
        50989,
        0,
        0,
        45603,
        45292,
        37163,
        37118,
        33675,
        33814,
        38175,
        37717,
        36149,
        35075,
        30936,
        29973
    ],
    "TP": [
        38025.0,
        41012.0,
        42581.0,
        0.0,
        0.0,
        38051.0,
        37726.0,
        31146.0,
        31576.0,
        27187.0,
        28026.0,
        26874.0,
        26568.0,
        29168.0,
        28256.0,
        25846.0,
        25019.0
    ],
    "P_udp": [
        42255,
        48704,
        50989,
        0,
        0,
        45603,
        45292,
        37163,
        37118,
        33675,
        33814,
        38175,
        37717,
        36149,
        35075,
        30936,
        29973
    ],
    "TP_udp": [
        38440.0,
        41684.0,
        43325.0,
        0.0,
        0.0,
        38810.0,
        38663.0,
        31451.0,
        31807.0,
        27536.0,
        28521.0,
        27777.0,
        27585.0,
        29267.0,
        28553.0,
        25838.0,
        25258.0
    ],
    "mean_acc": 0.8187948606167123,
    "mean_acc_udp": 0.8315883962254436,
    "acc_keypoints": [
        0.8998935037273695,
        0.8420663600525624,
        0.8351016885995018,
        0,
        0,
        0.8343968598557112,
        0.8329506314580941,
        0.8380916502973388,
        0.8506923864432351,
        0.8073348181143282,
        0.8288282959720825,
        0.7039685658153242,
        0.7044038497229366,
        0.806882624692246,
        0.8055880256593015,
        0.8354667701060253,
        0.834717912788176
    ],
    "acc_keypoints_udp": [
        0.909714826647734,
        0.8558639947437582,
        0.8496930710545412,
        0,
        0,
        0.851040501721378,
        0.853638611675351,
        0.8462987379920889,
        0.8569157821003287,
        0.817698589458055,
        0.8434672029336961,
        0.72762278978389,
        0.7313678182252035,
        0.8096212896622313,
        0.8140555951532431,
        0.8352081717093354,
        0.8426917559136556
    ],
    "parts_acc": {
        "Head": 0.8567785386197763,
        "Shoulder": 0.8336762198140711,
        "Elbow": 0.8443882015589451,
        "Wrist": 0.8181036909718621,
        "Hip": 0.7041848943235124,
        "Knee": 0.8062450859260923,
        "Ankle": 0.8350982613406885
    },
    "parts_acc_udp": {
        "Head": 0.8696776284273114,
        "Shoulder": 0.852335111942351,
        "Elbow": 0.8516040441027989,
        "Wrist": 0.8306094326482835,
        "Hip": 0.7294840035840405,
        "Knee": 0.8118050095473436,
        "Ankle": 0.8388908043146333
    }
}