{
    "model_path": "./checkpoints/Fusion_Simple_01.pth",
    "P": [
        42255,
        48704,
        50989,
        0,
        0,
        45603,
        45292,
        37163,
        37118,
        33675,
        33814,
        38175,
        37717,
        36149,
        35075,
        30936,
        29973
    ],
    "TP": [
        36012.0,
        39036.0,
        40475.0,
        0.0,
        0.0,
        36300.0,
        36190.0,
        29532.0,
        29602.0,
        26012.0,
        26482.0,
        25589.0,
        25698.0,
        27586.0,
        26534.0,
        24640.0,
        23823.0
    ],
    "P_udp": [
        42255,
        48704,
        50989,
        0,
        0,
        45603,
        45292,
        37163,
        37118,
        33675,
        33814,
        38175,
        37717,
        36149,
        35075,
        30936,
        29973
    ],
    "TP_udp": [
        36876.0,
        40249.0,
        41813.0,
        0.0,
        0.0,
        37459.0,
        37489.0,
        30457.0,
        30720.0,
        26855.0,
        27484.0,
        27058.0,
        27089.0,
        28195.0,
        27267.0,
        25174.0,
        24474.0
    ],
    "mean_acc": 0.7783752518716596,
    "mean_acc_udp": 0.8043742426686896,
    "acc_keypoints": [
        0.8522541711040114,
        0.8014947437582128,
        0.7937986624566082,
        0,
        0,
        0.7960002631405828,
        0.7990373575907445,
        0.7946613567257756,
        0.7975106417371626,
        0.7724424647364514,
        0.7831667356716153,
        0.6703077930582843,
        0.6813373279953336,
        0.7631193117375308,
        0.7564932287954383,
        0.7964830618050168,
        0.7948153338004204
    ],
    "acc_keypoints_udp": [
        0.8727014554490593,
        0.8264002956636005,
        0.8200396163878484,
        0,
        0,
        0.8214152577681293,
        0.8277179192793429,
        0.819551704652477,
        0.8276307990732259,
        0.7974758723088344,
        0.8127994321878512,
        0.7087884741322855,
        0.7182172495161333,
        0.7799662507953193,
        0.7773913043478261,
        0.8137445047840703,
        0.8165348813932539
    ],
    "parts_acc": {
        "Head": 0.8138402795389861,
        "Shoulder": 0.7975136146102646,
        "Elbow": 0.7960851361721032,
        "Wrist": 0.7778156440308791,
        "Hip": 0.6757892795024508,
        "Knee": 0.7598562282376727,
        "Ankle": 0.7956623815856442
    },
    "parts_acc_udp": {
        "Head": 0.8378983853242032,
        "Shoulder": 0.8245558061499533,
        "Elbow": 0.8235888046741427,
        "Wrist": 0.8051534324112077,
        "Hip": 0.7134744110051126,
        "Knee": 0.778698191620802,
        "Ankle": 0.815117634503932
    }
}