{
    "model_path": "./checkpoints/Fusion_ResMask_01.pth",
    "P": [
        42255,
        48704,
        50989,
        0,
        0,
        45603,
        45292,
        37163,
        37118,
        33675,
        33814,
        38175,
        37717,
        36149,
        35075,
        30936,
        29973
    ],
    "TP": [
        37936.0,
        41021.0,
        42106.0,
        0.0,
        0.0,
        38043.0,
        37167.0,
        31134.0,
        31506.0,
        26682.0,
        27984.0,
        26827.0,
        25917.0,
        29151.0,
        27642.0,
        25472.0,
        24552.0
    ],
    "P_udp": [
        42255,
        48704,
        50989,
        0,
        0,
        45603,
        45292,
        37163,
        37118,
        33675,
        33814,
        38175,
        37717,
        36149,
        35075,
        30936,
        29973
    ],
    "TP_udp": [
        38370.0,
        41681.0,
        43042.0,
        0.0,
        0.0,
        38816.0,
        38278.0,
        31483.0,
        31775.0,
        27143.0,
        28465.0,
        27736.0,
        27168.0,
        29256.0,
        28193.0,
        25605.0,
        24953.0
    ],
    "mean_acc": 0.8120651244855296,
    "mean_acc_udp": 0.8272100343609583,
    "acc_keypoints": [
        0.8977872441131227,
        0.842251149802891,
        0.8257859538331797,
        0,
        0,
        0.8342214328004737,
        0.8206084959816303,
        0.8377687484863977,
        0.8488065089713885,
        0.7923385300668151,
        0.8275862068965517,
        0.7027373935821873,
        0.687143728292282,
        0.8064123488893192,
        0.7880826799714896,
        0.8233772950607706,
        0.819137223501151
    ],
    "acc_keypoints_udp": [
        0.9080582179623713,
        0.8558023981603153,
        0.8441428543411325,
        0,
        0,
        0.8511720720128062,
        0.8451382142541729,
        0.8471598094879316,
        0.8560536666846275,
        0.8060282108389013,
        0.8418110841663217,
        0.7265487884741323,
        0.7203117957419731,
        0.8093169935544552,
        0.803791874554526,
        0.8276764934057409,
        0.8325159310045708
    ],
    "parts_acc": {
        "Head": 0.852868656127596,
        "Shoulder": 0.827438252929204,
        "Elbow": 0.8432842853488779,
        "Wrist": 0.8099986664493473,
        "Hip": 0.6949876139777579,
        "Knee": 0.7973857126811187,
        "Ankle": 0.8212907780459374
    },
    "parts_acc_udp": {
        "Head": 0.8671696677656606,
        "Shoulder": 0.8481654656471753,
        "Elbow": 0.8516040441027989,
        "Wrist": 0.8239564966142631,
        "Hip": 0.723449111895852,
        "Knee": 0.8065960912052117,
        "Ankle": 0.8300579553103811
    }
}