{
    "model_path": "./checkpoints/Fusion_ResMask_01.pth",
    "P": [
        42255,
        48704,
        50989,
        0,
        0,
        45603,
        45292,
        37163,
        37118,
        33675,
        33814,
        38175,
        37717,
        36149,
        35075,
        30936,
        29973
    ],
    "TP": [
        37928.0,
        40996.0,
        42239.0,
        0.0,
        0.0,
        38036.0,
        37334.0,
        31144.0,
        31547.0,
        26773.0,
        27955.0,
        26768.0,
        26103.0,
        29101.0,
        27824.0,
        25527.0,
        24695.0
    ],
    "P_udp": [
        42255,
        48704,
        50989,
        0,
        0,
        45603,
        45292,
        37163,
        37118,
        33675,
        33814,
        38175,
        37717,
        36149,
        35075,
        30936,
        29973
    ],
    "TP_udp": [
        38386.0,
        41718.0,
        43141.0,
        0.0,
        0.0,
        38839.0,
        38376.0,
        31455.0,
        31781.0,
        27224.0,
        28450.0,
        27769.0,
        27290.0,
        29251.0,
        28338.0,
        25653.0,
        25020.0
    ],
    "mean_acc": 0.8134896796982003,
    "mean_acc_udp": 0.8284578074207313,
    "acc_keypoints": [
        0.8975979174062241,
        0.8417378449408672,
        0.8283943595677499,
        0,
        0,
        0.8340679341271408,
        0.824295681356531,
        0.8380378333288486,
        0.8499110943477558,
        0.795040831477357,
        0.8267285739634471,
        0.7011918795022921,
        0.6920751915581833,
        0.805029184763064,
        0.7932715609408411,
        0.825155159038014,
        0.8239081840322957
    ],
    "acc_keypoints_udp": [
        0.9084368713761685,
        0.8565620893561103,
        0.8460844495871659,
        0,
        0,
        0.8516764247966142,
        0.8473019517795637,
        0.8464063719290692,
        0.8562153133250714,
        0.8084335560504825,
        0.8413674809250606,
        0.7274132285527177,
        0.7235464114325105,
        0.8091786771418297,
        0.8079258731290093,
        0.8292280837858805,
        0.8347512761485337
    ],
    "parts_acc": {
        "Head": 0.8535731394595204,
        "Shoulder": 0.8291985257714946,
        "Elbow": 0.8439708673819685,
        "Wrist": 0.8109173346767622,
        "Hip": 0.6966610446423865,
        "Knee": 0.7992390205548692,
        "Ankle": 0.8245415291664614
    },
    "parts_acc_udp": {
        "Head": 0.8682404824301857,
        "Shoulder": 0.8494966719841576,
        "Elbow": 0.8513078714610735,
        "Wrist": 0.8249344337595756,
        "Hip": 0.7254914879038634,
        "Knee": 0.8085617207682804,
        "Ankle": 0.8319460178298773
    }
}