{
    "model_path": "./checkpoints/Fusion_ResMask_01.pth",
    "P": [
        42255,
        48704,
        50989,
        0,
        0,
        45603,
        45292,
        37163,
        37118,
        33675,
        33814,
        38175,
        37717,
        36149,
        35075,
        30936,
        29973
    ],
    "TP": [
        38012.0,
        41016.0,
        42596.0,
        0.0,
        0.0,
        38059.0,
        37681.0,
        31109.0,
        31552.0,
        27025.0,
        28006.0,
        26833.0,
        26494.0,
        29173.0,
        28184.0,
        25853.0,
        24965.0
    ],
    "P_udp": [
        42255,
        48704,
        50989,
        0,
        0,
        45603,
        45292,
        37163,
        37118,
        33675,
        33814,
        38175,
        37717,
        36149,
        35075,
        30936,
        29973
    ],
    "TP_udp": [
        38456.0,
        41673.0,
        43309.0,
        0.0,
        0.0,
        38812.0,
        38627.0,
        31446.0,
        31805.0,
        27485.0,
        28505.0,
        27782.0,
        27637.0,
        29285.0,
        28569.0,
        25863.0,
        25270.0
    ],
    "mean_acc": 0.8179315458312022,
    "mean_acc_udp": 0.8316038432096774,
    "acc_keypoints": [
        0.8995858478286594,
        0.8421484888304862,
        0.8353958696973857,
        0,
        0,
        0.8345722869109489,
        0.8319570785127617,
        0.8370960363802707,
        0.8500457998814591,
        0.8025241276911655,
        0.8282368249837345,
        0.7028945645055664,
        0.7024418697139221,
        0.8070209411048715,
        0.8035352815395581,
        0.835693043703129,
        0.8329162913288627
    ],
    "acc_keypoints_udp": [
        0.9100934800615312,
        0.8556381406044679,
        0.849379277883465,
        0,
        0,
        0.8510843584851874,
        0.852843769319085,
        0.8461641955708635,
        0.8568618998868474,
        0.8161841128433556,
        0.8429940261430177,
        0.7277537655533727,
        0.7327465068801866,
        0.8101192287476832,
        0.8145117605131861,
        0.8360162916989915,
        0.8430921162379474
    ],
    "parts_acc": {
        "Head": 0.8568208076196917,
        "Shoulder": 0.8332691567192915,
        "Elbow": 0.8435669955977976,
        "Wrist": 0.8154069552075153,
        "Hip": 0.702669583091762,
        "Knee": 0.8053043917780524,
        "Ankle": 0.8343266183979379
    },
    "parts_acc_udp": {
        "Head": 0.8696001352607997,
        "Shoulder": 0.8519610539633643,
        "Elbow": 0.851509807353159,
        "Wrist": 0.8296166782734964,
        "Hip": 0.7302350708902124,
        "Knee": 0.8122823767269459,
        "Ankle": 0.8394982679078625
    }
}