{
    "model_path": "./checkpoints/Fusion_ResMask_01.pth",
    "P": [
        42255,
        48704,
        50989,
        0,
        0,
        45603,
        45292,
        37163,
        37118,
        33675,
        33814,
        38175,
        37717,
        36149,
        35075,
        30936,
        29973
    ],
    "TP": [
        37954.0,
        41009.0,
        42275.0,
        0.0,
        0.0,
        38027.0,
        37283.0,
        31114.0,
        31550.0,
        26568.0,
        28001.0,
        26818.0,
        26124.0,
        29175.0,
        27990.0,
        25800.0,
        24680.0
    ],
    "P_udp": [
        42255,
        48704,
        50989,
        0,
        0,
        45603,
        45292,
        37163,
        37118,
        33675,
        33814,
        38175,
        37717,
        36149,
        35075,
        30936,
        29973
    ],
    "TP_udp": [
        38416.0,
        41660.0,
        43188.0,
        0.0,
        0.0,
        38798.0,
        38471.0,
        31439.0,
        31804.0,
        27094.0,
        28502.0,
        27752.0,
        27415.0,
        29267.0,
        28394.0,
        25777.0,
        25051.0
    ],
    "mean_acc": 0.8141727796676496,
    "mean_acc_udp": 0.8290362111637072,
    "acc_keypoints": [
        0.8982132292036445,
        0.8420047634691196,
        0.8291003942026711,
        0,
        0,
        0.8338705786899985,
        0.8231696546851541,
        0.8372305788014961,
        0.8499919176679778,
        0.7889532293986637,
        0.8280889572366475,
        0.7025016371971186,
        0.6926319696688495,
        0.8070762676699217,
        0.7980042765502494,
        0.8339798293250582,
        0.8234077336269309
    ],
    "acc_keypoints_udp": [
        0.9091468465270383,
        0.8553712220762155,
        0.8470062170272019,
        0,
        0,
        0.8507773611385215,
        0.8493994524419324,
        0.8459758361811479,
        0.8568349587801067,
        0.8045731254639941,
        0.8429053054947655,
        0.7269679109364767,
        0.7268605668531432,
        0.8096212896622313,
        0.8095224518888097,
        0.8332363589345746,
        0.835785540319621
    ],
    "parts_acc": {
        "Head": 0.8541015019584637,
        "Shoulder": 0.8285384234556357,
        "Elbow": 0.8436073827762146,
        "Wrist": 0.8085613951903273,
        "Hip": 0.6975965846202499,
        "Knee": 0.8026086712344154,
        "Ankle": 0.828777356384114
    },
    "parts_acc_udp": {
        "Head": 0.8683743342632513,
        "Shoulder": 0.8500907640684306,
        "Elbow": 0.8514021082107134,
        "Wrist": 0.8237786898605699,
        "Hip": 0.7269145627997681,
        "Knee": 0.8095726159721442,
        "Ankle": 0.8344907977474594
    }
}