{
    "model_path": "./checkpoints/Fusion_ResMask_01.pth",
    "P": [
        42255,
        48704,
        50989,
        0,
        0,
        45603,
        45292,
        37163,
        37118,
        33675,
        33814,
        38175,
        37717,
        36149,
        35075,
        30936,
        29973
    ],
    "TP": [
        37429.0,
        40992.0,
        40995.0,
        0.0,
        0.0,
        37993.0,
        36384.0,
        31165.0,
        31488.0,
        25474.0,
        28057.0,
        26759.0,
        25278.0,
        29200.0,
        27223.0,
        24687.0,
        23214.0
    ],
    "P_udp": [
        42255,
        48704,
        50989,
        0,
        0,
        45603,
        45292,
        37163,
        37118,
        33675,
        33814,
        38175,
        37717,
        36149,
        35075,
        30936,
        29973
    ],
    "TP_udp": [
        38080.0,
        41680.0,
        42059.0,
        0.0,
        0.0,
        38798.0,
        37515.0,
        31500.0,
        31778.0,
        26221.0,
        28532.0,
        27779.0,
        26503.0,
        29369.0,
        27850.0,
        24925.0,
        23446.0
    ],
    "mean_acc": 0.8003906370679564,
    "mean_acc_udp": 0.8170339044140615,
    "acc_keypoints": [
        0.8857886640634245,
        0.8416557161629435,
        0.803996940516582,
        0,
        0,
        0.8331250137052387,
        0.8033206747328446,
        0.8386029114979953,
        0.8483215690500566,
        0.7564662212323682,
        0.829745076004022,
        0.7009561231172233,
        0.6702017657820081,
        0.8077678497330493,
        0.7761368496079829,
        0.7980023273855702,
        0.7744970473426084
    ],
    "acc_keypoints_udp": [
        0.9011951248372974,
        0.8557818659658344,
        0.8248641863931436,
        0,
        0,
        0.8507773611385215,
        0.8282919720922017,
        0.847617253720098,
        0.8561344900048494,
        0.778648849294729,
        0.8437925119772876,
        0.7276751800916831,
        0.7026804889042076,
        0.8124429444797919,
        0.7940128296507484,
        0.805695629687096,
        0.7822373469455843
    ],
    "parts_acc": {
        "Head": 0.8412658156508017,
        "Shoulder": 0.8182738324440288,
        "Elbow": 0.843459296455352,
        "Wrist": 0.793181110995866,
        "Hip": 0.6856717440573447,
        "Knee": 0.7921908345501516,
        "Ankle": 0.7864355021425405
    },
    "parts_acc_udp": {
        "Head": 0.8581945501169442,
        "Shoulder": 0.8395731338357445,
        "Elbow": 0.8518732919589128,
        "Wrist": 0.8112877654136229,
        "Hip": 0.7152532546249935,
        "Knee": 0.8033668426373133,
        "Ankle": 0.7941519315700472
    }
}