{
    "model_path": "./checkpoints/Fusion_Deconv_Best_02.pth",
    "P": [
        42255,
        48704,
        50989,
        0,
        0,
        45603,
        45292,
        37163,
        37118,
        33675,
        33814,
        38175,
        37717,
        36149,
        35075,
        30936,
        29973
    ],
    "TP": [
        38159.0,
        41296.0,
        42914.0,
        0.0,
        0.0,
        38033.0,
        38337.0,
        31243.0,
        31599.0,
        27344.0,
        28060.0,
        27129.0,
        26972.0,
        28880.0,
        27947.0,
        25791.0,
        25024.0
    ],
    "P_udp": [
        42255,
        48704,
        50989,
        0,
        0,
        45603,
        45292,
        37163,
        37118,
        33675,
        33814,
        38175,
        37717,
        36149,
        35075,
        30936,
        29973
    ],
    "TP_udp": [
        38604.0,
        41950.0,
        43630.0,
        0.0,
        0.0,
        38767.0,
        39032.0,
        31513.0,
        31914.0,
        27717.0,
        28582.0,
        28258.0,
        27906.0,
        29043.0,
        28139.0,
        26054.0,
        25223.0
    ],
    "mean_acc": 0.8216559853631242,
    "mean_acc_udp": 0.8347069707090853,
    "acc_keypoints": [
        0.903064726067921,
        0.8478975032851511,
        0.8416325089725235,
        0,
        0,
        0.8340021489814267,
        0.8464408725602756,
        0.8407017732691118,
        0.8513120318982704,
        0.8119970304380104,
        0.8298337966522742,
        0.7106483300589391,
        0.7151152000424212,
        0.7989155993250159,
        0.7967783321454027,
        0.833688906128782,
        0.8348847295899643
    ],
    "acc_keypoints_udp": [
        0.9135960241391551,
        0.8613255584756899,
        0.8556747533781796,
        0,
        0,
        0.8500975812994759,
        0.8617857458270777,
        0.847967064015284,
        0.8597984805215798,
        0.8230734966592428,
        0.8452711894481576,
        0.7402226588081205,
        0.739878569345388,
        0.8034247143766079,
        0.8022523164647185,
        0.8421903284199638,
        0.8415240383011376
    ],
    "parts_acc": {
        "Head": 0.8620692084425282,
        "Shoulder": 0.8402002310358105,
        "Elbow": 0.8460036886956288,
        "Wrist": 0.8209337818014788,
        "Hip": 0.7128682865124124,
        "Knee": 0.7978630798607211,
        "Ankle": 0.8342773645930814
    },
    "parts_acc_udp": {
        "Head": 0.8748555809169555,
        "Shoulder": 0.8559216678585181,
        "Elbow": 0.8538791884869616,
        "Wrist": 0.8341952021810962,
        "Hip": 0.7400516523480736,
        "Knee": 0.8028473548242165,
        "Ankle": 0.841862450540971
    }
}