{
    "model_path": "./checkpoints/Multi_Frame_ViT_Deconv_01.pth",
    "P": [
        42255,
        48704,
        50989,
        0,
        0,
        45603,
        45292,
        37163,
        37118,
        33675,
        33814,
        38175,
        37717,
        36149,
        35075,
        30936,
        29973
    ],
    "TP": [
        34756.0,
        37409.0,
        39828.0,
        0.0,
        0.0,
        31751.0,
        31607.0,
        23998.0,
        24493.0,
        20061.0,
        21147.0,
        21318.0,
        20594.0,
        21972.0,
        20865.0,
        20388.0,
        19419.0
    ],
    "P_udp": [
        42255,
        48704,
        50989,
        0,
        0,
        45603,
        45292,
        37163,
        37118,
        33675,
        33814,
        38175,
        37717,
        36149,
        35075,
        30936,
        29973
    ],
    "TP_udp": [
        35484.0,
        38352.0,
        40757.0,
        0.0,
        0.0,
        33081.0,
        32807.0,
        24468.0,
        25038.0,
        20580.0,
        21794.0,
        22431.0,
        21759.0,
        22346.0,
        21203.0,
        20660.0,
        19672.0
    ],
    "mean_acc": 0.6686930821539275,
    "mean_acc_udp": 0.687274087855581,
    "acc_keypoints": [
        0.8225298781209325,
        0.7680888633377135,
        0.7811096511012179,
        0,
        0,
        0.696248053856106,
        0.6978495098472136,
        0.6457498049134892,
        0.6598685273991055,
        0.5957238307349666,
        0.6253918495297806,
        0.5584282907662083,
        0.5460137338600631,
        0.6078176436415945,
        0.5948681397006415,
        0.6590380139643134,
        0.6478830947853068
    ],
    "acc_keypoints_udp": [
        0.8397586084487043,
        0.7874507227332457,
        0.7993292670968248,
        0,
        0,
        0.725412801789356,
        0.7243442550560806,
        0.658396792508678,
        0.6745514305727679,
        0.6111358574610245,
        0.644525936002839,
        0.5875834970530451,
        0.576901662380359,
        0.6181637113059836,
        0.6045046329294369,
        0.6678303594517714,
        0.6563240249557936
    ],
    "parts_acc": {
        "Head": 0.788972017922056,
        "Shoulder": 0.6970460421365312,
        "Elbow": 0.6528048895410671,
        "Wrist": 0.6105883921824298,
        "Hip": 0.5522584725662784,
        "Knee": 0.601440525665506,
        "Ankle": 0.6535487366399054
    },
    "parts_acc_udp": {
        "Head": 0.8072885845520895,
        "Shoulder": 0.7248803564552506,
        "Elbow": 0.6664692182388497,
        "Wrist": 0.6278652817496184,
        "Hip": 0.5822748115743425,
        "Knee": 0.6114371560148265,
        "Ankle": 0.6621681524897798
    }
}