{
    "model_path": "./checkpoints/ResNet50SF_Classic_01.pth",
    "P": [
        42255,
        48704,
        50989,
        0,
        0,
        45603,
        45292,
        37163,
        37118,
        33675,
        33814,
        38175,
        37717,
        36149,
        35075,
        30936,
        29973
    ],
    "TP": [
        33173.0,
        35909.0,
        37747.0,
        0.0,
        0.0,
        28800.0,
        28252.0,
        20584.0,
        21374.0,
        16858.0,
        17837.0,
        17635.0,
        17066.0,
        16579.0,
        16118.0,
        15656.0,
        15030.0
    ],
    "P_udp": [
        42255,
        48704,
        50989,
        0,
        0,
        45603,
        45292,
        37163,
        37118,
        33675,
        33814,
        38175,
        37717,
        36149,
        35075,
        30936,
        29973
    ],
    "TP_udp": [
        33792.0,
        36751.0,
        38558.0,
        0.0,
        0.0,
        30025.0,
        29445.0,
        21273.0,
        21997.0,
        17450.0,
        18479.0,
        18561.0,
        17932.0,
        17034.0,
        16695.0,
        16039.0,
        15412.0
    ],
    "mean_acc": 0.58118076747483,
    "mean_acc_udp": 0.599760056844902,
    "acc_keypoints": [
        0.7850668559933736,
        0.7372905716162943,
        0.7402969267881307,
        0,
        0,
        0.6315373988553384,
        0.62377461803409,
        0.5538842397007776,
        0.5758392154749717,
        0.5006087602078694,
        0.527503400958183,
        0.4619515389652914,
        0.45247501126812845,
        0.45862956098370633,
        0.4595295794725588,
        0.5060770623222136,
        0.501451306175558
    ],
    "acc_keypoints_udp": [
        0.7997160099396521,
        0.7545786793692509,
        0.7562023181470513,
        0,
        0,
        0.6583996666885951,
        0.6501148105625718,
        0.5724241853456394,
        0.592623524974406,
        0.51818856718634,
        0.5464896196841544,
        0.4862082514734774,
        0.47543548002227115,
        0.47121635453262883,
        0.4759800427655025,
        0.5184574605637445,
        0.5141961098321823
    ],
    "parts_acc": {
        "Head": 0.7525924986614817,
        "Shoulder": 0.6276692887397547,
        "Elbow": 0.5648550773414467,
        "Wrist": 0.5140837766154485,
        "Hip": 0.45724187002582617,
        "Knee": 0.4590727844546782,
        "Ankle": 0.5038007519414208
    },
    "parts_acc_udp": {
        "Head": 0.7685983599628032,
        "Shoulder": 0.6542714120688706,
        "Elbow": 0.5825177367025215,
        "Wrist": 0.5323682377868986,
        "Hip": 0.48085437200231906,
        "Knee": 0.47356228237672693,
        "Ankle": 0.5163604721798092
    }
}