{
    "model_path": "./checkpoints/ResNet50SF_Mask_01.pth",
    "P": [
        42255,
        48704,
        50989,
        0,
        0,
        45603,
        45292,
        37163,
        37118,
        33675,
        33814,
        38175,
        37717,
        36149,
        35075,
        30936,
        29973
    ],
    "TP": [
        33172.0,
        35732.0,
        37512.0,
        0.0,
        0.0,
        29014.0,
        28832.0,
        21249.0,
        21304.0,
        17167.0,
        17838.0,
        18132.0,
        16854.0,
        17313.0,
        16023.0,
        16280.0,
        14353.0
    ],
    "P_udp": [
        42255,
        48704,
        50989,
        0,
        0,
        45603,
        45292,
        37163,
        37118,
        33675,
        33814,
        38175,
        37717,
        36149,
        35075,
        30936,
        29973
    ],
    "TP_udp": [
        33743.0,
        36507.0,
        38561.0,
        0.0,
        0.0,
        30003.0,
        29803.0,
        21790.0,
        21983.0,
        17641.0,
        18358.0,
        19048.0,
        17944.0,
        17627.0,
        16331.0,
        16579.0,
        14705.0
    ],
    "mean_acc": 0.5848828946961921,
    "mean_acc_udp": 0.6017853281111084,
    "acc_keypoints": [
        0.7850431901550112,
        0.7336563731931669,
        0.7356880895879503,
        0,
        0,
        0.6362300725829441,
        0.6365804115517089,
        0.5717783817237575,
        0.5739533380031252,
        0.5097847067557535,
        0.5275329745076004,
        0.4749705304518664,
        0.44685420367473555,
        0.47893441035713297,
        0.45682109764789736,
        0.526247737264029,
        0.47886431121342543
    ],
    "acc_keypoints_udp": [
        0.7985563838598982,
        0.7495688239159002,
        0.7562611543666281,
        0,
        0,
        0.6579172422866917,
        0.6580190762165504,
        0.5863358717003471,
        0.5922463494800366,
        0.5238604305864885,
        0.542911220204649,
        0.4989652914210871,
        0.4757536389426519,
        0.48762068107001577,
        0.4656022808267997,
        0.5359128523403155,
        0.49060821405932004
    ],
    "parts_acc": {
        "Head": 0.749682982500634,
        "Shoulder": 0.6364046427196215,
        "Elbow": 0.5728652010608366,
        "Wrist": 0.5186771177525227,
        "Hip": 0.4609972065566858,
        "Knee": 0.46804447938897004,
        "Ankle": 0.5029306013889573
    },
    "parts_acc_udp": {
        "Head": 0.7665553583002226,
        "Shoulder": 0.6579679850376808,
        "Elbow": 0.5892893202837872,
        "Wrist": 0.5334054438501089,
        "Hip": 0.4874295050861751,
        "Knee": 0.47677749073346065,
        "Ankle": 0.5136186770428015
    }
}