{
    "model_path": "./checkpoints/ResNet50SF_Mask_01.pth",
    "P": [
        42255,
        48704,
        50989,
        0,
        0,
        45603,
        45292,
        37163,
        37118,
        33675,
        33814,
        38175,
        37717,
        36149,
        35075,
        30936,
        29973
    ],
    "TP": [
        33186.0,
        35724.0,
        37588.0,
        0.0,
        0.0,
        29019.0,
        28852.0,
        21231.0,
        21315.0,
        17347.0,
        17906.0,
        18127.0,
        17051.0,
        17339.0,
        15991.0,
        16290.0,
        14715.0
    ],
    "P_udp": [
        42255,
        48704,
        50989,
        0,
        0,
        45603,
        45292,
        37163,
        37118,
        33675,
        33814,
        38175,
        37717,
        36149,
        35075,
        30936,
        29973
    ],
    "TP_udp": [
        33754.0,
        36491.0,
        38614.0,
        0.0,
        0.0,
        29991.0,
        29806.0,
        21802.0,
        21987.0,
        17776.0,
        18418.0,
        19047.0,
        18037.0,
        17657.0,
        16355.0,
        16591.0,
        15012.0
    ],
    "mean_acc": 0.5864378911090592,
    "mean_acc_udp": 0.6030125051919031,
    "acc_keypoints": [
        0.7853745118920837,
        0.7334921156373193,
        0.7371786071505619,
        0,
        0,
        0.6363397144924676,
        0.6370219906385234,
        0.571294029007346,
        0.5742496901772725,
        0.5151299183370452,
        0.5295439758679836,
        0.47483955468238376,
        0.4520773126176525,
        0.4796536557027857,
        0.4559087669280114,
        0.5265709852598914,
        0.4909418476628966
    ],
    "acc_keypoints_udp": [
        0.7988167080818838,
        0.749240308804205,
        0.7573005942458177,
        0,
        0,
        0.6576541017038353,
        0.6580853130795725,
        0.5866587735112881,
        0.5923541139069993,
        0.5278693392724573,
        0.544685633169693,
        0.4989390962671906,
        0.4782193705756025,
        0.4884505795457689,
        0.4662865288667142,
        0.5363007499353504,
        0.5008507656891202
    ],
    "parts_acc": {
        "Head": 0.750260658832812,
        "Shoulder": 0.6366796853512294,
        "Elbow": 0.5727709643111967,
        "Wrist": 0.522351790662182,
        "Hip": 0.4635271174827386,
        "Knee": 0.46796023812198134,
        "Ankle": 0.509038073191154
    },
    "parts_acc_udp": {
        "Head": 0.7668935102995463,
        "Shoulder": 0.657868969690302,
        "Elbow": 0.5895047185686784,
        "Wrist": 0.5362948035976233,
        "Hip": 0.4886417540715754,
        "Knee": 0.4775356621363585,
        "Ankle": 0.5188559982925348
    }
}