{
    "model_path": "./checkpoints/Single_Frame_ViT_Deconv_01.pth",
    "P": [
        42255,
        48704,
        50989,
        0,
        0,
        45603,
        45292,
        37163,
        37118,
        33675,
        33814,
        38175,
        37717,
        36149,
        35075,
        30936,
        29973
    ],
    "TP": [
        37025.0,
        40099.0,
        41640.0,
        0.0,
        0.0,
        37021.0,
        37386.0,
        30410.0,
        30784.0,
        26912.0,
        27438.0,
        26409.0,
        26192.0,
        28442.0,
        27463.0,
        25337.0,
        24491.0
    ],
    "P_udp": [
        42255,
        48704,
        50989,
        0,
        0,
        45603,
        45292,
        37163,
        37118,
        33675,
        33814,
        38175,
        37717,
        36149,
        35075,
        30936,
        29973
    ],
    "TP_udp": [
        37620.0,
        40849.0,
        42605.0,
        0.0,
        0.0,
        38000.0,
        38379.0,
        30801.0,
        31234.0,
        27451.0,
        27938.0,
        27907.0,
        27554.0,
        28715.0,
        27872.0,
        25486.0,
        24747.0
    ],
    "mean_acc": 0.8016109488224249,
    "mean_acc_udp": 0.8189613447801207,
    "acc_keypoints": [
        0.8762276653650456,
        0.8233204664914586,
        0.8166467277255879,
        0,
        0,
        0.811810626493871,
        0.8254437869822485,
        0.818287005892958,
        0.8293550299046285,
        0.7991685226429102,
        0.8114390489146507,
        0.6917878192534381,
        0.6944348702176737,
        0.7867990815790201,
        0.7829793300071276,
        0.8190134471166278,
        0.817102058519334
    ],
    "acc_keypoints_udp": [
        0.8903088391906283,
        0.8387196123521682,
        0.835572378356116,
        0,
        0,
        0.8332785123785715,
        0.8473681886425859,
        0.8288082232327852,
        0.8414785279379277,
        0.8151744617668893,
        0.8262258236233513,
        0.7310281597904388,
        0.7305459076808866,
        0.7943511577083737,
        0.79464005702067,
        0.823829842254978,
        0.8256430787708938
    ],
    "parts_acc": {
        "Head": 0.8366725843266548,
        "Shoulder": 0.8186038836019583,
        "Elbow": 0.8238176653518396,
        "Wrist": 0.8053164219354265,
        "Hip": 0.6931033574026247,
        "Knee": 0.7849180051667977,
        "Ankle": 0.8180728627953177
    },
    "parts_acc_udp": {
        "Head": 0.8529461492941077,
        "Shoulder": 0.8402992463831894,
        "Elbow": 0.835139537701431,
        "Wrist": 0.8207115233593623,
        "Hip": 0.7307884889052865,
        "Knee": 0.7944934291811749,
        "Ankle": 0.824722126450935
    }
}