{
    "model_path": "./checkpoints/Single_Frame_ViT_Deconv_01.pth",
    "P": [
        42255,
        48704,
        50989,
        0,
        0,
        45603,
        45292,
        37163,
        37118,
        33675,
        33814,
        38175,
        37717,
        36149,
        35075,
        30936,
        29973
    ],
    "TP": [
        34593.0,
        606.0,
        4692.0,
        0.0,
        0.0,
        34386.0,
        35516.0,
        28894.0,
        29041.0,
        26099.0,
        26426.0,
        23736.0,
        24541.0,
        26419.0,
        25509.0,
        24240.0,
        23210.0
    ],
    "P_udp": [
        42255,
        48704,
        50989,
        0,
        0,
        45603,
        45292,
        37163,
        37118,
        33675,
        33814,
        38175,
        37717,
        36149,
        35075,
        30936,
        29973
    ],
    "TP_udp": [
        34977.0,
        588.0,
        4302.0,
        0.0,
        0.0,
        35468.0,
        36176.0,
        29327.0,
        29491.0,
        26578.0,
        26970.0,
        24391.0,
        24750.0,
        27080.0,
        26143.0,
        24616.0,
        23648.0
    ],
    "mean_acc": 0.6314521194978701,
    "mean_acc_udp": 0.6427747589412294,
    "acc_keypoints": [
        0.8186723464678737,
        0.012442509855453351,
        0.09201984741807057,
        0,
        0,
        0.7540293401749885,
        0.7841561423650976,
        0.777493743777413,
        0.7823966808556495,
        0.775025983667409,
        0.7815106169042408,
        0.6217681728880157,
        0.6506615054219582,
        0.730836261030734,
        0.7272701354240912,
        0.7835531419705197,
        0.7743635939011777
    ],
    "acc_keypoints_udp": [
        0.8277600283990061,
        0.01207293035479632,
        0.08437113887309028,
        0,
        0,
        0.7777558493958731,
        0.7987282522299743,
        0.7891451174555337,
        0.7945201788889488,
        0.7892501855976244,
        0.7975986277873071,
        0.6389259986902424,
        0.656202773285256,
        0.7491216907798279,
        0.7453456878118317,
        0.795707266614947,
        0.7889767457378307
    ],
    "parts_acc": {
        "Head": 0.2810254459379491,
        "Shoulder": 0.7690412013862149,
        "Elbow": 0.7799437271980721,
        "Wrist": 0.7782749781445866,
        "Hip": 0.6361276550888104,
        "Knee": 0.7290800853644839,
        "Ankle": 0.7790310134791246
    },
    "parts_acc_udp": {
        "Head": 0.2808563699382873,
        "Shoulder": 0.7882061719566533,
        "Elbow": 0.7918310200455029,
        "Wrist": 0.7934330038969314,
        "Hip": 0.6475122542560481,
        "Knee": 0.7472621588228687,
        "Ankle": 0.792395212530168
    }
}